frame,state,raw_model_target_depth_m,motion_prior_depth_m,measured_current_focus_distance_m
1,tracking,38.126041412353516,38.126041412353516,37.98113250732422
2,tracking,37.87309265136719,37.76184172091754,37.75190773010254
3,tracking,36.654666900634766,37.30268716632571,37.380129680633544
4,tracking,36.82454299926758,36.79912538001434,36.999471692085265
5,tracking,36.14955139160156,36.30984050335157,36.64266291079521
6,tracking,35.2084846496582,35.81389370701485,36.24885171475649
7,tracking,34.59120559692383,35.26394447381075,35.50719641718662
8,tracking,35.9362907409668,34.79055151534482,35.07226629119127
9,tracking,36.117919921875,34.27411261004587,34.615022377760724
10,tracking,36.83515930175781,33.76974807965132,34.19226804324858
11,tracking,36.45928955078125,33.21796920683199,34.12445483051072
12,tracking,36.54462432861328,32.679522127530134,33.75434994912494
13,tracking,35.43640899658203,32.110151211385705,33.3998828771954
14,tracking,35.813655853271484,31.56287632846401,32.96804155175754
15,tracking,36.037498474121094,30.803738622641692,32.028919096685755
16,tracking,36.036720275878906,30.230858737376646,31.4718913847055
17,tracking,34.2961311340332,29.678688019091116,31.142922684756606
18,tracking,34.858726501464844,29.128666627118513,30.709517092288685
19,tracking,36.250205993652344,28.588191634089814,29.950547970947795
20,tracking,36.48503875732422,28.06047925467932,29.48879610860604
21,tracking,35.54732131958008,27.545470961470762,29.19489019418397
22,tracking,36.84551239013672,27.133967860010213,28.855786110914703
23,tracking,35.70317840576172,26.71977470583865,28.485729519420406
24,tracking,36.38809585571289,26.252327681180994,28.079834029658667
25,tracking,35.06694030761719,25.833838913622326,27.67804699623347
26,tracking,35.02738571166992,25.301895038510608,27.215372630184532
27,tracking,35.597251892089844,24.889492165580457,27.218100724849947
28,tracking,35.25489807128906,24.45463038803477,26.90166976723579
29,tracking,35.3848876953125,24.015184264299062,26.26387204330192
30,tracking,34.636566162109375,23.53143407971646,25.804357417823415
31,tracking,35.99449157714844,22.993394837499967,25.784156782686942
32,tracking,36.26028823852539,22.5747551324314,25.509710595497523
33,tracking,35.67280578613281,22.19023622176658,25.114173264129317
34,tracking,35.71088409423828,21.721653795914317,24.656084157649182
35,tracking,37.46628952026367,21.336563396472226,25.254293170217203
36,tracking,36.98251724243164,20.948328375229696,24.976152379310655
37,tracking,37.80724334716797,20.54249262742079,24.35890502318688
38,tracking,35.41046142578125,20.16033436765781,23.87087972549341
39,tracking,35.455692291259766,19.739586437144073,22.97108024297318
40,tracking,35.135093688964844,19.319094977081246,22.493322101143242
41,tracking,38.451595306396484,18.96773544198136,22.360206658677345
42,tracking,38.158809661865234,18.58251020228047,22.026069363212002
43,tracking,33.590694427490234,18.258970246246722,21.506468254365835
44,tracking,34.460792541503906,18.06191431621575,21.275287884181488
45,tracking,36.45166778564453,17.565106660976603,21.17745031382229
46,tracking,36.637935638427734,17.245014526433728,20.984552689590434
47,tracking,36.896610260009766,16.987345231041935,20.743855713039395
48,tracking,36.983642578125,16.649964204966157,20.46211775514927
49,tracking,34.9229850769043,16.41864989316535,19.884928453525074
50,tracking,34.503509521484375,16.144243619940763,19.57811671324971
51,tracking,35.10173797607422,15.99633039441312,19.344842621428374
52,tracking,35.652671813964844,15.922317416607472,19.255573801508934
53,tracking,36.918556213378906,15.869297848527372,19.415840037511497
54,tracking,38.00702667236328,15.794638774094198,19.389874250865983
55,tracking,39.153350830078125,15.751630492811593,19.74918882119313
56,tracking,39.42060089111328,15.704975264219293,19.782004940610612
57,tracking,40.77998733520508,15.662966774995374,19.612993566408974
58,tracking,39.881805419921875,15.613142849226657,19.558237315448405
59,tracking,40.592201232910156,15.566995577948674,19.44501251000647
60,tracking,40.430419921875,15.514927867478084,19.40460177960766
61,tracking,40.264041900634766,15.465744623264143,19.33522239432152
62,tracking,40.44524002075195,15.410674659799152,19.33253910408231
63,tracking,39.931861877441406,15.354585044427541,19.342138079204876
64,tracking,38.53956985473633,15.300383299222611,19.300282542019893
65,tracking,39.409217834472656,15.260103041829256,19.18592058183399
66,tracking,39.7523078918457,15.18803165701464,19.1413477697397
67,tracking,39.017234802246094,15.13424754488189,19.053690320825943
68,tracking,39.72162628173828,15.093713586382696,18.99747815826183
69,tracking,39.12480926513672,15.040888043491117,19.825359772292742
70,tracking,39.21778869628906,14.987119613966218,19.88747421959757
71,tracking,38.92255783081055,14.914606111039957,20.59981243619281
72,tracking,38.43408203125,14.855338380046312,20.66098293186569
73,tracking,39.04610061645508,14.800254998809342,20.60111448842487
74,tracking,39.864925384521484,14.742396063341973,20.479394372818174
75,tracking,40.88059997558594,14.691243165779886,19.7636453772362
76,tracking,41.252174377441406,14.629442268825454,19.604766304266096
77,tracking,40.97377014160156,14.571748655644479,18.642396559562034
78,tracking,41.85539245605469,14.50878802446382,18.433521978593728
79,tracking,42.833961486816406,14.460753687972716,18.747430335363276
80,tracking,43.07415008544922,14.367461226056982,18.739198042583546
81,tracking,42.21364212036133,14.265811339699196,18.46680812740804
82,tracking,41.28082275390625,14.17479037887402,18.421731157160522
83,tracking,41.93559646606445,14.072702834904257,18.344453502156842
84,tracking,42.27301025390625,13.945150528058505,18.356152678796427
85,tracking,41.55013656616211,13.83603779052123,18.92731520910096
86,tracking,41.62744140625,13.712784283060335,19.219528265862216
87,tracking,40.96086883544922,13.574792396391576,17.490126906047546
88,tracking,40.07469940185547,13.443690143865902,17.12889594707046
89,tracking,39.55403137207031,13.331438409331135,17.92899787854128
90,tracking,37.905853271484375,13.215676681896555,18.059797698901555
91,tracking,36.91615676879883,13.062700018745886,14.829211106098661
92,tracking,36.47877883911133,12.938340642125787,14.043538217275884
93,tracking,36.81187438964844,12.823127095451536,17.278504151780837
94,tracking,36.35362243652344,12.697422376347518,17.729723945063267
95,tracking,34.98365783691406,12.553493837307514,14.572357227623748
96,tracking,36.14263916015625,12.423068912813113,13.842575843665045
97,tracking,37.0086784362793,12.27667063360262,12.729542561699905
98,tracking,37.871063232421875,12.14432707614439,12.405008910347515
99,tracking,38.12029266357422,12.014780086401398,16.357007115818487
100,tracking,39.01557159423828,11.887591565164193,16.84052025224826
101,tracking,38.488059997558594,11.746310878777681,13.100696186640949
102,tracking,38.8422737121582,11.616331091464293,12.421879044237599
103,tracking,39.3489990234375,11.484841783423239,12.857934127906391
104,tracking,40.11389923095703,11.352363462183952,12.610093279281173
105,tracking,41.986019134521484,11.232398663198357,18.042496467172935
106,tracking,42.13436508178711,11.106588831908038,18.702899185499525
107,tracking,41.8700065612793,10.987415598924244,13.707141096544412
108,tracking,40.518348693847656,10.865581356983597,13.589251210563203
109,tracking,41.76995849609375,10.732354389342092,17.322998811345222
110,tracking,40.53437805175781,10.607767211570232,17.607453937760134
111,tracking,39.725433349609375,10.471964424066178,15.825446742092243
112,tracking,38.555789947509766,10.347911175982402,15.437826487021844
113,tracking,38.436683654785156,10.204166124721302,17.70720143505889
114,tracking,39.09882736206055,10.08082347647247,18.016369502825974
115,tracking,39.39735412597656,9.948937821354138,17.88419036881379
116,tracking,40.26990509033203,9.810426030839778,17.845028514886277
117,tracking,39.965065002441406,9.67619829631151,17.333596127513704
118,tracking,40.453643798828125,9.557245981094542,17.21825831790025
119,tracking,41.01116180419922,9.42943456765874,8.437229504673564
120,tracking,41.07960510253906,9.309021433869283,6.904348902477158
121,deep-focus-pull,,9.182227826393273,6.904348902477158
122,deep-focus-pull,,9.055434218917263,6.904348902477158
123,deep-focus-pull,,8.928640611441253,6.904348902477158
124,deep-focus-pull,,8.801847003965243,6.904348902477158
125,deep-focus-pull,,8.675053396489233,6.904348902477158
126,deep-focus-pull,,8.548259789013223,6.904348902477158
127,deep-focus-pull,,8.421466181537212,6.904348902477158
128,deep-focus-pull,,8.294672574061202,6.904348902477158
129,deep-focus-pull,,8.167878966585192,6.904348902477158
130,deep-focus-pull,,8.041085359109182,6.904348902477158
131,deep-focus-pull,,7.914291751633172,6.904348902477158
132,deep-focus-pull,,7.787498144157162,6.904348902477158
133,deep-focus-pull,,7.660704536681152,6.904348902477158
134,deep-focus-pull,,7.533910929205142,6.904348902477158
135,deep-focus-pull,,7.407117321729132,6.904348902477158
136,deep-focus-pull,,7.280323714253122,6.904348902477158
137,deep-focus-pull,,7.1535301067771115,6.904348902477158
138,deep-focus-pull,,7.0267364993011014,6.904348902477158
139,deep-focus-pull,,6.899942891825091,6.904348902477158
140,deep-focus-pull,,6.773149284349081,6.904348902477158
141,deep-focus-pull,,6.646355676873071,6.904348902477158
142,deep-focus-pull,,6.519562069397061,6.904348902477158
143,deep-focus-pull,,6.392768461921051,6.904348902477158
144,deep-focus-pull,,6.265974854445041,6.904348902477158
145,deep-focus-pull,,6.139181246969031,6.904348902477158
146,deep-focus-pull,,6.012387639493021,6.904348902477158
147,deep-focus-pull,,5.885594032017011,6.904348902477158
148,deep-focus-pull,,5.7588004245410005,6.904348902477158
149,deep-focus-pull,,5.63200681706499,6.904348902477158
150,deep-focus-pull,,5.50521320958898,6.904348902477158
151,deep-focus-pull,,5.37841960211297,6.904348902477158
152,deep-focus-pull,,5.25162599463696,6.904348902477158
153,deep-focus-pull,,5.12483238716095,6.904348902477158
154,deep-focus-pull,,4.99803877968494,6.904348902477158
155,deep-focus-pull,,4.87124517220893,6.904348902477158
156,deep-focus-pull,,4.74445156473292,6.904348902477158
157,deep-focus-pull,,4.61765795725691,6.904348902477158
158,deep-focus-pull,,4.4908643497808995,6.904348902477158
159,deep-focus-pull,,4.3640707423048894,6.904348902477158
160,deep-focus-pull,,4.237277134828879,6.904348902477158
161,deep-focus-pull,,4.110483527352869,6.904348902477158
162,deep-focus-pull,,3.983689919876859,6.904348902477158
163,deep-focus-pull,,3.856896312400849,6.904348902477158
164,deep-focus-pull,,3.730102704924839,6.904348902477158
165,deep-focus-pull,,3.603309097448829,6.904348902477158
166,deep-focus-pull,,3.476515489972819,6.904348902477158
167,deep-focus-pull,,3.3497218824968087,6.904348902477158
168,deep-focus-pull,,3.2229282750207986,6.904348902477158
169,deep-focus-pull,,3.0961346675447885,6.904348902477158
170,deep-focus-pull,,2.9693410600687784,6.904348902477158
171,deep-focus-pull,,2.8425474525927683,6.904348902477158
172,deep-focus-pull,,2.715753845116758,6.904348902477158
173,deep-focus-pull,,2.588960237640748,6.904348902477158
174,deep-focus-pull,,2.462166630164738,6.904348902477158
175,deep-focus-pull,,2.335373022688728,6.904348902477158
176,deep-focus-pull,,2.208579415212718,6.904348902477158
177,deep-focus-pull,,2.0817858077367077,6.904348902477158
178,deep-focus-pull,,1.9549922002606976,6.904348902477158
179,deep-focus-pull,,1.8281985927846875,6.904348902477158
180,deep-focus-pull,,1.7014049853086775,6.904348902477158
181,deep-focus-pull,,1.5746113778326674,6.904348902477158
182,deep-focus-pull,,1.4478177703566573,6.904348902477158
183,deep-focus-pull,,1.3210241628806472,6.904348902477158
184,deep-focus-pull,,1.194230555404637,6.904348902477158
185,deep-focus-pull,,1.067436947928627,6.904348902477158
186,deep-focus-pull,,0.9406433404526169,6.904348902477158
187,deep-focus-pull,,0.8138497329766068,6.904348902477158
188,deep-focus-pull,,0.6870561255005967,6.904348902477158
189,deep-focus-pull,,0.5602625180245866,6.904348902477158
190,deep-focus-pull,,0.5,6.904348902477158
191,deep-focus-pull,,0.5,6.904348902477158
192,deep-focus-pull,,0.5,6.904348902477158
193,deep-focus-pull,,0.5,6.904348902477158
194,deep-focus-pull,,0.5,6.904348902477158
195,deep-focus-pull,,0.5,6.904348902477158
196,deep-focus-pull,,0.5,6.904348902477158
197,deep-focus-pull,,0.5,6.904348902477158
198,deep-focus-pull,,0.5,6.904348902477158
199,deep-focus-pull,,0.5,6.904348902477158
200,deep-focus-pull,,0.5,6.904348902477158
201,deep-focus-pull,,0.5,6.904348902477158
202,deep-focus-pull,,0.5,6.904348902477158
203,deep-focus-pull,,0.5,6.904348902477158
204,deep-focus-pull,,0.5,6.904348902477158
205,deep-focus-pull,,0.5,6.904348902477158
206,deep-focus-pull,,0.5,6.904348902477158
